{"cameraMode":{"drawMode":0,"name":"Shaded","section":"Shading Mode"},"sceneLighting":true,"audioPlay":false,"sceneViewState":{"m_AlwaysRefresh":false,"showFog":true,"showSkybox":true,"showFlares":true,"showImageEffects":true,"showParticleSystems":true,"showVisualEffectGraphs":true,"m_FxEnabled":true},"in2DMode":false,"pivot":{"x":0.04311336576938629,"y":1.9975720643997193,"z":1.0794062614440919},"rotation":{"x":-0.06426198035478592,"y":0.04793761298060417,"z":-0.003092498518526554,"w":-0.9967744946479797},"size":0.8535534739494324,"orthographic":false}