{"cameraMode":{"drawMode":0,"name":"Shaded","section":"Shading Mode"},"sceneLighting":false,"audioPlay":false,"sceneViewState":{"m_AlwaysRefresh":false,"showFog":true,"showSkybox":false,"showFlares":true,"showImageEffects":true,"showParticleSystems":true,"showVisualEffectGraphs":true,"m_FxEnabled":true},"in2DMode":false,"pivot":{"x":51.465545654296878,"y":12.650554656982422,"z":73.34136962890625},"rotation":{"x":0.043205492198467258,"y":0.9552428722381592,"z":-0.17721077799797059,"w":0.23289628326892854},"size":2.5091633796691896,"orthographic":false}